,x1,x2,x3,u1,u2
0,0.1961,0.3243,0.26,2.8e-05,2.8e-05
1,0.19607436940357895,0.32427617954982085,0.2600444345762092,2.8e-05,2.8e-05
2,0.19602915899496773,0.3242385570002104,0.2601178973572862,2.8e-05,2.8e-05
3,0.19596492371182647,0.32418740434973187,0.260219687519389,2.8e-05,2.8e-05
4,0.19591758656812094,0.324148977240944,0.26029530848608023,2.8e-05,2.8e-05
5,0.19590869095049507,0.3241390486396052,0.26031206408806074,2.8e-05,2.8e-05
6,0.19594540061827084,0.32416290883467364,0.26025905856316955,2.8e-05,2.8e-05
7,0.1960204997034484,0.32421536543830703,0.26014719655638396,2.8e-05,2.8e-05
8,0.19611239271070605,0.3242807433858628,0.2600091831198196,2.8e-05,2.8e-05
9,0.19618510451740018,0.324332884935898,0.2598995237127301,2.8e-05,2.8e-05
10,0.1961882803735653,0.3243351496701694,0.2598945242015077,2.8e-05,2.8e-05
11,0.1961080966961347,0.3242768025695865,0.26001579626918964,2.8e-05,2.8e-05
12,0.1960228030662606,0.3242138882323141,0.2601455887466406,2.8e-05,2.8e-05
13,0.19597412052550545,0.32417691084345335,0.2602204717314047,2.8e-05,2.8e-05
14,0.19598028697761807,0.3241794123767058,0.2602125234930746,2.8e-05,2.8e-05
15,0.19603635930666855,0.32421818593168644,0.26012887925970285,2.8e-05,2.8e-05
16,0.19611421337704826,0.32427327573392334,0.26001173121780224,2.8e-05,2.8e-05
17,0.1961625440334698,0.324307977134858,0.25993832851234566,2.8e-05,2.8e-05
18,0.1961276285659723,0.32428363967753276,0.2599897681638432,2.8e-05,2.8e-05
19,0.19608214157192963,0.32425161837050515,0.2600572722349256,2.8e-05,2.8e-05
20,0.1960547658579731,0.3242320949867203,0.2600980027901437,2.8e-05,2.8e-05
21,0.19604918544624206,0.32422766172079454,0.26010645657365916,2.8e-05,2.8e-05
22,0.19605904933943796,0.32423398630620526,0.260091975349013,2.8e-05,2.8e-05
23,0.19606797152082464,0.324239812015291,0.2600787458991264,2.8e-05,2.8e-05
24,0.19695755926824032,0.32403111410125174,0.26025799482085754,3.4455680991172586e-05,2.6844380867587955e-05
25,0.2005744749893771,0.32333058829920097,0.26056398345164805,3.4455680991172586e-05,2.6844380867587955e-05
26,0.2041039621510554,0.3228121179683021,0.26047603515826867,3.4455680991172586e-05,2.6844380867587955e-05
27,0.20638898334027048,0.32241997916625215,0.26106807962347206,3.4455680991172586e-05,2.6844380867587955e-05
28,0.20817200754105863,0.32213709922489925,0.2620012154993015,3.4455680991172586e-05,2.6844380867587955e-05
29,0.20969697785657831,0.32201011545171937,0.26289042560853537,3.4455680991172586e-05,2.6844380867587955e-05
30,0.21101651638678548,0.3220147381578861,0.263729414528052,3.4455680991172586e-05,2.6844380867587955e-05
31,0.21219476009203186,0.32213317356446847,0.2644959464575713,3.4455680991172586e-05,2.6844380867587955e-05
32,0.21323644343681927,0.3223395586696636,0.26521767331130586,3.4455680991172586e-05,2.6844380867587955e-05
33,0.2141387947345873,0.3226109300268372,0.26592401992566383,3.4455680991172586e-05,2.6844380867587955e-05
34,0.21491205065965888,0.322930948474448,0.26662778357809913,3.4455680991172586e-05,2.6844380867587955e-05
35,0.21557945624724015,0.3232898991360472,0.26732513398711155,3.4455680991172586e-05,2.6844380867587955e-05
36,0.21617726489342057,0.3236846914202791,0.26799561331224653,3.4455680991172586e-05,2.6844380867587955e-05
37,0.2167547383551729,0.3241188590208805,0.2686021361540954,3.4455680991172586e-05,2.6844380867587955e-05
38,0.21736095358631613,0.3246045048353813,0.2690967890870335,3.4455680991172586e-05,2.6844380867587955e-05
39,0.2179622616856329,0.3251222149171193,0.269525478726729,3.4455680991172586e-05,2.6844380867587955e-05
40,0.21850528494851387,0.3256357222475666,0.2699689085326767,3.4455680991172586e-05,2.6844380867587955e-05
41,0.2189601490127727,0.3261226646985718,0.27047499756073146,3.4455680991172586e-05,2.6844380867587955e-05
42,0.21932057990280748,0.3265747281946484,0.2710586317928532,3.4455680991172586e-05,2.6844380867587955e-05
43,0.21960390402960092,0.32699764671297443,0.2717016641371071,3.4455680991172586e-05,2.6844380867587955e-05
44,0.21985104819072004,0.32741120228339315,0.2723529144276632,3.4455680991172586e-05,2.6844380867587955e-05
45,0.22012653957031644,0.32784922498841235,0.27292816942479653,3.4455680991172586e-05,2.6844380867587955e-05
46,0.22051030130376328,0.32835473171472884,0.2733216097327642,3.4455680991172586e-05,2.6844380867587955e-05
47,0.22090758913695221,0.32886836594294394,0.27366939441001253,3.4455680991172586e-05,2.6844380867587955e-05
48,0.2213701618779773,0.3290658109117639,0.2740287121898118,3.1082901282149314e-05,3.641587528859366e-05
49,0.22022243647152392,0.33387709896406575,0.2745378146070292,3.1082901282149314e-05,3.641587528859366e-05
50,0.21891884051571742,0.3396580630077381,0.275450197189691,3.1082901282149314e-05,3.641587528859366e-05
51,0.21802744316388642,0.3448113837040991,0.27665256682354833,3.1082901282149314e-05,3.641587528859366e-05
52,0.2174837167935833,0.34948219130728186,0.2780457827298569,3.1082901282149314e-05,3.641587528859366e-05
53,0.2172449622359556,0.3537763683371899,0.27954085888360153,3.1082901282149314e-05,3.641587528859366e-05
54,0.21725098413142344,0.35774329495154406,0.2811247240943193,3.1082901282149314e-05,3.641587528859366e-05
55,0.21744677936993834,0.3614167111923012,0.2827985016092475,3.1082901282149314e-05,3.641587528859366e-05
56,0.21779409700681993,0.3648367952801415,0.2845443702748906,3.1082901282149314e-05,3.641587528859366e-05
57,0.21827143826275597,0.3680501636144687,0.2863255645370207,3.1082901282149314e-05,3.641587528859366e-05
58,0.21887404707143873,0.37110986286450626,0.28808638983676227,3.1082901282149314e-05,3.641587528859366e-05
59,0.21958390857441715,0.3740462753339918,0.28980587503415056,3.1082901282149314e-05,3.641587528859366e-05
60,0.22036342512654236,0.37685292274903925,0.29151894073578616,3.1082901282149314e-05,3.641587528859366e-05
61,0.22119222766064212,0.37953298618639153,0.2932379233133323,3.1082901282149314e-05,3.641587528859366e-05
62,0.2220549908205129,0.3820933346028879,0.29496740324917314,3.1082901282149314e-05,3.641587528859366e-05
63,0.22294143296091987,0.3845445248354643,0.2967042051364137,3.1082901282149314e-05,3.641587528859366e-05
64,0.22384631614759687,0.386900801601153,0.29843739767887995,3.1082901282149314e-05,3.641587528859366e-05
65,0.2247694461572465,0.38918009749708277,0.3001482936911185,3.1082901282149314e-05,3.641587528859366e-05
66,0.2257156724775401,0.3914040330004788,0.3018104500983971,3.1082901282149314e-05,3.641587528859366e-05
67,0.22680263523150615,0.394685636568162,0.3034020857052073,3.1082901282149314e-05,3.641587528859366e-05
68,0.22798059894601827,0.3985341822365802,0.30498187246751635,3.1082901282149314e-05,3.641587528859366e-05
69,0.2289749719439044,0.40029876850237417,0.3065653018693087,3.1082901282149314e-05,3.641587528859366e-05
70,0.22961958517791706,0.3984744790417426,0.3080574905989822,3.1082901282149314e-05,3.641587528859366e-05
71,0.22985879627096598,0.3927233268055772,0.3092530149728653,3.1082901282149314e-05,3.641587528859366e-05
72,0.2297474895161179,0.3838742540194624,0.3098359109352169,2.9346495489906907e-05,1.6548232776067998e-05
73,0.22945107587659666,0.37392313218367557,0.30937967405822653,2.9346495489906907e-05,1.6548232776067998e-05
74,0.22922635555190204,0.36589949657235366,0.30739711385662816,2.9346495489906907e-05,1.6548232776067998e-05
75,0.22887786205435312,0.359465805099125,0.30468664213223867,2.9346495489906907e-05,1.6548232776067998e-05
76,0.22828477947867187,0.35354039692322087,0.30176020048418356,2.9346495489906907e-05,1.6548232776067998e-05
77,0.2274752014007859,0.34804697925667344,0.2986862649078501,2.9346495489906907e-05,1.6548232776067998e-05
78,0.2264506963414835,0.34289471547204226,0.2955677568900733,2.9346495489906907e-05,1.6548232776067998e-05
79,0.22524816257757646,0.3380357274736464,0.29243259139883754,2.9346495489906907e-05,1.6548232776067998e-05
80,0.2239083847719478,0.3334419887578331,0.2892829070323992,2.9346495489906907e-05,1.6548232776067998e-05
81,0.22245577025995028,0.3290769697862442,0.2861416759988272,2.9346495489906907e-05,1.6548232776067998e-05
82,0.22090186158367733,0.3248920794619937,0.2830541602294996,2.9346495489906907e-05,1.6548232776067998e-05
83,0.21926378275979488,0.3208495445355543,0.2800490595608271,2.9346495489906907e-05,1.6548232776067998e-05
84,0.21757855270945473,0.31697178569329376,0.2770727529223775,2.9346495489906907e-05,1.6548232776067998e-05
85,0.21587262472436744,0.31326825769990624,0.2740936451185294,2.9346495489906907e-05,1.6548232776067998e-05
86,0.21415988619635984,0.3097296334286854,0.2711101596873494,2.9346495489906907e-05,1.6548232776067998e-05
87,0.21244165861737505,0.3063278038615248,0.26815073890059216,2.9346495489906907e-05,1.6548232776067998e-05
88,0.2107066975794725,0.30301587808891745,0.2652738437637003,2.9346495489906907e-05,1.6548232776067998e-05
89,0.2089355900700801,0.2997364517604351,0.2625554940757272,2.9346495489906907e-05,1.6548232776067998e-05
90,0.207161050565224,0.29652765083770216,0.2599268093362628,2.9346495489906907e-05,1.6548232776067998e-05
91,0.20541590763289425,0.29342249717875407,0.25732468775272144,2.9346495489906907e-05,1.6548232776067998e-05
92,0.20371060872487257,0.29042376928432617,0.2547359704820439,2.9346495489906907e-05,1.6548232776067998e-05
93,0.20203995119442913,0.287518421562816,0.25217635579276954,2.9346495489906907e-05,1.6548232776067998e-05
94,0.2003830822963225,0.2846775843302835,0.24969039906503646,2.9346495489906907e-05,1.6548232776067998e-05
95,0.1988819188108132,0.28108658430456845,0.2471356698286218,2.9346495489906907e-05,1.6548232776067998e-05
96,0.19727760925457632,0.2779743578096898,0.24462812916964774,2.570964398016714e-05,3.219763063982572e-05
97,0.19506647615657888,0.27790499566551724,0.24263120767730104,2.570964398016714e-05,3.219763063982572e-05
98,0.19221094489820698,0.2814898824904836,0.24133614626298058,2.570964398016714e-05,3.219763063982572e-05
99,0.18914359317160678,0.2873692019591311,0.24065801938508546,2.570964398016714e-05,3.219763063982572e-05
100,0.18668206503756504,0.29254835100255855,0.2402708252846485,2.570964398016714e-05,3.219763063982572e-05
101,0.18485410123437776,0.2967384634450139,0.24014442275838063,2.570964398016714e-05,3.219763063982572e-05
102,0.18340691840231851,0.30033064158552747,0.24037921136526444,2.570964398016714e-05,3.219763063982572e-05
103,0.1822431654845435,0.30341305806738816,0.24094175258833986,2.570964398016714e-05,3.219763063982572e-05
104,0.1813479676354234,0.3061249733967352,0.24168609199253296,2.570964398016714e-05,3.219763063982572e-05
105,0.18078082706389914,0.3086484909213595,0.24236836952020613,2.570964398016714e-05,3.219763063982572e-05
106,0.1804582606003955,0.3109882562194734,0.24303822623683194,2.570964398016714e-05,3.219763063982572e-05
107,0.1802894880006314,0.31312129577681314,0.24378163905934605,2.570964398016714e-05,3.219763063982572e-05
108,0.18024283426433083,0.31507539066651646,0.24458842843575165,2.570964398016714e-05,3.219763063982572e-05
109,0.18029875550201926,0.3168820275812599,0.24543601191833078,2.570964398016714e-05,3.219763063982572e-05
110,0.1804497299208541,0.3185763562890053,0.2462895243279184,2.570964398016714e-05,3.219763063982572e-05
111,0.18068111760352312,0.3201833914874971,0.24713042196554416,2.570964398016714e-05,3.219763063982572e-05
112,0.18096973753201934,0.3217040665780052,0.24797401131358002,2.570964398016714e-05,3.219763063982572e-05
113,0.1813008895189612,0.3231401236914511,0.2488291610040417,2.570964398016714e-05,3.219763063982572e-05
114,0.1816633594019504,0.32449659689972293,0.2496985641009769,2.570964398016714e-05,3.219763063982572e-05
115,0.1820494190435718,0.32578181221567537,0.2505787381004651,2.570964398016714e-05,3.219763063982572e-05
116,0.18245482633139343,0.3270073875931299,0.2514600249306177,2.570964398016714e-05,3.219763063982572e-05
117,0.1828788251779665,0.32818823292687466,0.25232659095157794,2.570964398016714e-05,3.219763063982572e-05
118,0.18331915871311416,0.32934919618124414,0.25315474331738896,2.570964398016714e-05,3.219763063982572e-05
119,0.1835563768628092,0.33095264225212373,0.25395827729866594,2.570964398016714e-05,3.219763063982572e-05
120,0.18529929408850015,0.32918802635002187,0.2547741416616075,3.2376823391999687e-05,1.7300598622271392e-05
121,0.18939280594232724,0.32144425385229175,0.2551232082945262,3.2376823391999687e-05,1.7300598622271392e-05
122,0.1926726963075511,0.3146692901358889,0.2549713745003529,3.2376823391999687e-05,1.7300598622271392e-05
123,0.19521692654023612,0.3087235073484016,0.2544642596947011,3.2376823391999687e-05,1.7300598622271392e-05
124,0.19714257165494103,0.30349935918749654,0.25365622564660645,3.2376823391999687e-05,1.7300598622271392e-05
125,0.1985715609623071,0.29892442031344696,0.2525536060561399,3.2376823391999687e-05,1.7300598622271392e-05
126,0.19956472241394418,0.2948839812718266,0.2512524331972277,3.2376823391999687e-05,1.7300598622271392e-05
127,0.2001354089352293,0.29123252828337876,0.24991531451507637,3.2376823391999687e-05,1.7300598622271392e-05
128,0.20037834412920705,0.2879205546008599,0.24853246082617758,3.2376823391999687e-05,1.7300598622271392e-05
129,0.20037695298671995,0.28492368514907307,0.24707235192342158,3.2376823391999687e-05,1.7300598622271392e-05
130,0.20017920026769312,0.2821940586215916,0.2455553572752343,3.2376823391999687e-05,1.7300598622271392e-05
131,0.19980664469068937,0.27966574989294624,0.24404087678229847,3.2376823391999687e-05,1.7300598622271392e-05
132,0.19927898593234636,0.2772731546154431,0.2425883515207614,3.2376823391999687e-05,1.7300598622271392e-05
133,0.19864852530616914,0.27502475617721234,0.24114875018455803,3.2376823391999687e-05,1.7300598622271392e-05
134,0.1979553411999859,0.2729334469436268,0.23967690855203966,3.2376823391999687e-05,1.7300598622271392e-05
135,0.19722205318951894,0.27098955049963797,0.23816589017082496,3.2376823391999687e-05,1.7300598622271392e-05
136,0.19645382203838482,0.26916082164977573,0.23664698635780015,3.2376823391999687e-05,1.7300598622271392e-05
137,0.19563834969809427,0.2673924464181483,0.23518971619911883,3.2376823391999687e-05,1.7300598622271392e-05
138,0.19476559433559473,0.2656388980053441,0.23385129381554293,3.2376823391999687e-05,1.7300598622271392e-05
139,0.19388508659541356,0.26395229720064095,0.2325346943756947,3.2376823391999687e-05,1.7300598622271392e-05
140,0.19301663420893134,0.26234186358523204,0.23121329656384682,3.2376823391999687e-05,1.7300598622271392e-05
141,0.1921610621783264,0.2607981185541004,0.2298954258949486,3.2376823391999687e-05,1.7300598622271392e-05
142,0.19130585265230143,0.25928506041856525,0.22861413554827897,3.2376823391999687e-05,1.7300598622271392e-05
143,0.19076569506967483,0.2564581837759977,0.22692527303523968,3.2376823391999687e-05,1.7300598622271392e-05
144,0.18951228256159572,0.25626834740181254,0.22571249249285427,2.6127616337880776e-05,4.134006751148752e-05
145,0.18678713183174162,0.2621943469857505,0.22585185473399508,2.6127616337880776e-05,4.134006751148752e-05
146,0.1831884422758431,0.27315842054824424,0.2270675256355628,2.6127616337880776e-05,4.134006751148752e-05
147,0.18045529186763729,0.284071651843954,0.22817326650567823,2.6127616337880776e-05,4.134006751148752e-05
148,0.17871350304180264,0.2934190471507129,0.2296058073927802,2.6127616337880776e-05,4.134006751148752e-05
149,0.17755741738330744,0.3017191803814404,0.23161734516309507,2.6127616337880776e-05,4.134006751148752e-05
150,0.17686036079838147,0.3091723666554557,0.23407323078901265,2.6127616337880776e-05,4.134006751148752e-05
151,0.17660736412476152,0.31602533134017696,0.236714506704201,2.6127616337880776e-05,4.134006751148752e-05
152,0.1768108345243705,0.32248354803552437,0.23930882840256448,2.6127616337880776e-05,4.134006751148752e-05
153,0.1773055655562143,0.32851441938418674,0.24200035334935688,2.6127616337880776e-05,4.134006751148752e-05
154,0.17802649055320735,0.33416803596197353,0.2447778636680445,2.6127616337880776e-05,4.134006751148752e-05
155,0.1789297755528145,0.33949915348547005,0.24761099761440095,2.6127616337880776e-05,4.134006751148752e-05
156,0.17998536810021612,0.3445593775069181,0.2504636449906376,2.6127616337880776e-05,4.134006751148752e-05
157,0.18116535989972388,0.34939398738810834,0.253305220022969,2.6127616337880776e-05,4.134006751148752e-05
158,0.18243861737108819,0.3540219277739826,0.2561380748196093,2.6127616337880776e-05,4.134006751148752e-05
159,0.18378312741894015,0.35845476898128564,0.2589673158514053,2.6127616337880776e-05,4.134006751148752e-05
160,0.1851805520445393,0.36270641155903244,0.26179282258541187,2.6127616337880776e-05,4.134006751148752e-05
161,0.18661622834577346,0.3667930862885082,0.264609247484892,2.6127616337880776e-05,4.134006751148752e-05
162,0.18807916851715906,0.3707333541832686,0.2674060160093167,2.6127616337880776e-05,4.134006751148752e-05
163,0.18956205984984079,0.37454810648913933,0.27016732661436504,2.6127616337880776e-05,4.134006751148752e-05
164,0.19106126473159182,0.3782605646842166,0.27287215075192434,2.6127616337880776e-05,4.134006751148752e-05
165,0.1919598049477174,0.3824963565349496,0.27554023053461324,2.6127616337880776e-05,4.134006751148752e-05
166,0.19235043443430394,0.38715846495293743,0.27820001729194593,2.6127616337880776e-05,4.134006751148752e-05
167,0.19335028360200457,0.3911266667720598,0.28082677594305483,2.6127616337880776e-05,4.134006751148752e-05
168,0.1957083006182414,0.3936306488194855,0.28340249049414784,3.975319002346239e-05,2.865544965250215e-05
169,0.19980174117979296,0.39425345469739076,0.28591605624494615,3.975319002346239e-05,2.865544965250215e-05
170,0.2056361685127942,0.3929314847829593,0.2883632797886839,3.975319002346239e-05,2.865544965250215e-05
171,0.21284545337273647,0.38995449622838246,0.29074687901210866,3.975319002346239e-05,2.865544965250215e-05
172,0.22069177404446744,0.3859656029608589,0.29307648309548096,3.975319002346239e-05,2.865544965250215e-05
173,0.22806561634219133,0.381961275682595,0.29536863251257445,3.975319002346239e-05,2.865544965250215e-05
174,0.23353202273040552,0.37925589079108524,0.2976423042431173,3.975319002346239e-05,2.865544965250215e-05
175,0.23764465453490663,0.3776166856741329,0.29975317078953684,3.975319002346239e-05,2.865544965250215e-05
176,0.24121724068824044,0.3764022931755726,0.3016716234112574,3.975319002346239e-05,2.865544965250215e-05
177,0.24428851908120253,0.37554602194521625,0.3034507567564259,3.975319002346239e-05,2.865544965250215e-05
178,0.24691333179016653,0.37499161439227846,0.30512181686798745,3.975319002346239e-05,2.865544965250215e-05
179,0.24916262507708387,0.3746932466853764,0.3066942011836856,3.975319002346239e-05,2.865544965250215e-05
180,0.251123449389484,0.37461552875252985,0.30815545853606213,3.975319002346239e-05,2.865544965250215e-05
181,0.25289895936047424,0.3747335042811611,0.30947128915245703,3.975319002346239e-05,2.865544965250215e-05
182,0.25454545649694843,0.3750123686676779,0.31064491365938884,3.975319002346239e-05,2.865544965250215e-05
183,0.25602630373561497,0.3754041856290976,0.31175158326206565,3.975319002346239e-05,2.865544965250215e-05
184,0.2573444253568913,0.3758840212631047,0.31281910699350596,3.975319002346239e-05,2.865544965250215e-05
185,0.25851226014014583,0.37643232866000315,0.31386248944561207,3.975319002346239e-05,2.865544965250215e-05
186,0.2595514920068698,0.377034843025036,0.31488419903799714,3.975319002346239e-05,2.865544965250215e-05
187,0.2604930500206771,0.37768258167838564,0.3158741680179849,3.975319002346239e-05,2.865544965250215e-05
188,0.2613771083873044,0.3783718440551736,0.31680979246060986,3.975319002346239e-05,2.865544965250215e-05
189,0.26219814824569937,0.3791930699302257,0.31765693684829543,3.975319002346239e-05,2.865544965250215e-05
190,0.2628993354869691,0.3802347837255039,0.31843016596150575,3.975319002346239e-05,2.865544965250215e-05
191,0.26362054783473615,0.3811773492966143,0.31918689893606467,3.975319002346239e-05,2.865544965250215e-05
192,0.26446777095217117,0.3817807345985371,0.3199632057011465,4.190988281503088e-05,2.5439858199715707e-05
193,0.26549795203757515,0.3819129898569649,0.32077174650826434,4.190988281503088e-05,2.5439858199715707e-05
194,0.2667189998243792,0.38155024756830225,0.32160177193127065,4.190988281503088e-05,2.5439858199715707e-05
195,0.26808978458114474,0.3807767224996659,0.3224191228663566,4.190988281503088e-05,2.5439858199715707e-05
196,0.2695201381115634,0.3797847116888849,0.3231662305320526,4.190988281503088e-05,2.5439858199715707e-05
197,0.27087085375445696,0.37887459444450033,0.3237621164692281,4.190988281503088e-05,2.5439858199715707e-05
198,0.2719778940050372,0.3783985366672839,0.3241235970063841,4.190988281503088e-05,2.5439858199715707e-05
199,0.2729076984740052,0.37813736926640196,0.324396302144317,4.190988281503088e-05,2.5439858199715707e-05
200,0.27368346478832584,0.3779506409946785,0.3246826238750778,4.190988281503088e-05,2.5439858199715707e-05
201,0.27430881411602587,0.37781251639050756,0.3250099240628539,4.190988281503088e-05,2.5439858199715707e-05
202,0.2748123629247382,0.3777161587801448,0.3253657199422126,4.190988281503088e-05,2.5439858199715707e-05
203,0.27524772298170186,0.37767373027770806,0.32569768411810135,4.190988281503088e-05,2.5439858199715707e-05
204,0.27567710997535466,0.37770591378084195,0.3259374277728204,4.190988281503088e-05,2.5439858199715707e-05
205,0.2760680800888498,0.37777725213279745,0.3261489655771067,4.190988281503088e-05,2.5439858199715707e-05
206,0.2764053525151722,0.37786728496090133,0.3263669645424648,4.190988281503088e-05,2.5439858199715707e-05
207,0.27669096646830227,0.377968006471012,0.32659931693700794,4.190988281503088e-05,2.5439858199715707e-05
208,0.2769361548300573,0.37807851404193105,0.3268390950326855,4.190988281503088e-05,2.5439858199715707e-05
209,0.2771613441500909,0.3782050082254035,0.32706455110528215,4.190988281503088e-05,2.5439858199715707e-05
210,0.2773860792292384,0.37835423224374404,0.3272539440354739,4.190988281503088e-05,2.5439858199715707e-05
211,0.2775951414463015,0.37851176900853434,0.3274350119895776,4.190988281503088e-05,2.5439858199715707e-05
212,0.27778446718168587,0.3786715710288469,0.32761782674333123,4.190988281503088e-05,2.5439858199715707e-05
213,0.27795505719135477,0.37883134080277225,0.3278044792894884,4.190988281503088e-05,2.5439858199715707e-05
214,0.2781113839687903,0.3789914739631882,0.32799144527731017,4.190988281503088e-05,2.5439858199715707e-05
215,0.27826139174499354,0.3791550592777603,0.3281695850125651,4.190988281503088e-05,2.5439858199715707e-05
216,0.2784220667124689,0.3793271212036517,0.3283392417664339,2.4503245564773332e-05,2.0936668363138808e-05
217,0.26873396594520305,0.3768345686275549,0.3276553198739266,2.4503245564773332e-05,2.0936668363138808e-05
218,0.2604058390539568,0.3743734131950452,0.32576820689804975,2.4503245564773332e-05,2.0936668363138808e-05
219,0.2533769743930124,0.3718918652893059,0.3232000023974233,2.4503245564773332e-05,2.0936668363138808e-05
220,0.2474849442001256,0.369422438144071,0.32001862377935253,2.4503245564773332e-05,2.0936668363138808e-05
221,0.24242063803568,0.36690622229307873,0.31651803802316253,2.4503245564773332e-05,2.0936668363138808e-05
222,0.23778283370834705,0.36421487676315406,0.3131481352957972,2.4503245564773332e-05,2.0936668363138808e-05
223,0.23359013038252052,0.36140820541483204,0.3098081910896375,2.4503245564773332e-05,2.0936668363138808e-05
224,0.2298239226266072,0.35853815078710405,0.3064425827201774,2.4503245564773332e-05,2.0936668363138808e-05
225,0.2264091630257973,0.3556173350958999,0.30308503453840424,2.4503245564773332e-05,2.0936668363138808e-05
226,0.22325424024932208,0.3526362596733394,0.29980611213760505,2.4503245564773332e-05,2.0936668363138808e-05
227,0.22030199557284647,0.3496036093143386,0.29663104196172274,2.4503245564773332e-05,2.0936668363138808e-05
228,0.2175526295234287,0.3465549368021357,0.29351552101965683,2.4503245564773332e-05,2.0936668363138808e-05
229,0.2149969212504336,0.3435133713392856,0.29043625156922687,2.4503245564773332e-05,2.0936668363138808e-05
230,0.21261190326864265,0.340489855801075,0.2873931867668652,2.4503245564773332e-05,2.0936668363138808e-05
231,0.21036086145825394,0.3374831467355224,0.2844095306676174,2.4503245564773332e-05,2.0936668363138808e-05
232,0.2081933784452784,0.33447984746907805,0.2815316701958787,2.4503245564773332e-05,2.0936668363138808e-05
233,0.20608061299797167,0.3314783896412227,0.27877769009980047,2.4503245564773332e-05,2.0936668363138808e-05
234,0.2040471391456778,0.3285064473510241,0.2760965296637688,2.4503245564773332e-05,2.0936668363138808e-05
235,0.20210855199462965,0.32558272728349247,0.273453715955619,2.4503245564773332e-05,2.0936668363138808e-05
236,0.20026913551233122,0.3227177095771445,0.2708317522254026,2.4503245564773332e-05,2.0936668363138808e-05
237,0.19852186252755735,0.31991364782400283,0.26823011790538703,2.4503245564773332e-05,2.0936668363138808e-05
238,0.1968483947303541,0.3171645690695964,0.2656652686100559,2.4503245564773332e-05,2.0936668363138808e-05
239,0.19521908267203844,0.31445627381296015,0.26317063613610897,2.4503245564773332e-05,2.0936668363138808e-05
240,0.19373912868432178,0.31204907875284316,0.260726517097867,3.6751751142479936e-05,3.62270106830265e-05
241,0.19889769236386642,0.31719629478370337,0.2602618195471721,3.6751751142479936e-05,3.62270106830265e-05
242,0.2038493444332529,0.31979163683433426,0.26311625498359004,3.6751751142479936e-05,3.62270106830265e-05
243,0.20770320785547702,0.3257507689517803,0.26344837059801146,3.6751751142479936e-05,3.62270106830265e-05
244,0.21088237320238026,0.33105751672590517,0.2647961764420472,3.6751751142479936e-05,3.62270106830265e-05
245,0.21365988964138655,0.33592972878745053,0.26672539626661534,3.6751751142479936e-05,3.62270106830265e-05
246,0.2161009936242048,0.34042090571682276,0.26912587597600574,3.6751751142479936e-05,3.62270106830265e-05
247,0.21831155280206757,0.344626939196017,0.2718203517297539,3.6751751142479936e-05,3.62270106830265e-05
248,0.22045151917943148,0.34869155189387374,0.27454786892227,3.6751751142479936e-05,3.62270106830265e-05
249,0.22253345540103156,0.35261792514927703,0.2772944142079529,3.6751751142479936e-05,3.62270106830265e-05
250,0.22453756264550007,0.3563970133959981,0.2800853855406103,3.6751751142479936e-05,3.62270106830265e-05
251,0.22647590425412,0.3600460023577851,0.2828967435824868,3.6751751142479936e-05,3.62270106830265e-05
252,0.22837953754109777,0.363592732322752,0.285679002781749,3.6751751142479936e-05,3.62270106830265e-05
253,0.23027190769264486,0.3670587973371206,0.28839495722962094,3.6751751142479936e-05,3.62270106830265e-05
254,0.23213313611829126,0.37043743994875666,0.2910702455694227,3.6751751142479936e-05,3.62270106830265e-05
255,0.2339507360656227,0.37372600914011694,0.2937207357978371,3.6751751142479936e-05,3.62270106830265e-05
256,0.23572130276179976,0.3769269178102815,0.29634991554685447,3.6751751142479936e-05,3.62270106830265e-05
257,0.23745051307073567,0.38004764255474405,0.2989488925680666,3.6751751142479936e-05,3.62270106830265e-05
258,0.23915312549309625,0.38310072366541154,0.3014963947326671,3.6751751142479936e-05,3.62270106830265e-05
259,0.2409717463363867,0.38626167184711024,0.3039752576951393,3.6751751142479936e-05,3.62270106830265e-05
260,0.2433086057392819,0.39007526599046316,0.30645667743620236,3.6751751142479936e-05,3.62270106830265e-05
261,0.24518872727763408,0.39328695401894254,0.30887948809685944,3.6751751142479936e-05,3.62270106830265e-05
262,0.2458500006091825,0.394893530761288,0.31112704933836566,3.6751751142479936e-05,3.62270106830265e-05
263,0.24501904105295516,0.39450454060999396,0.3130536496383885,3.6751751142479936e-05,3.62270106830265e-05
264,0.24291118958926877,0.39234227752130957,0.3144845062910082,2.8866847592587135e-05,2.6684509966496454e-05
265,0.24023051285972885,0.3892417850152388,0.31521576540671725,2.8866847592587135e-05,2.6684509966496454e-05
266,0.23816009790933027,0.3866399989720044,0.3150198207006518,2.8866847592587135e-05,2.6684509966496454e-05
267,0.23678340399159603,0.38475710547169434,0.31432502911838844,2.8866847592587135e-05,2.6684509966496454e-05
268,0.23556351444858034,0.3829955112340329,0.3134577474350615,2.8866847592587135e-05,2.6684509966496454e-05
269,0.2345222641740101,0.38137307486598027,0.31237997027002795,2.8866847592587135e-05,2.6684509966496454e-05
270,0.233625288226697,0.37986789701134693,0.31113947746481274,2.8866847592587135e-05,2.6684509966496454e-05
271,0.23278202183053737,0.3784183203507941,0.30986983408310853,2.8866847592587135e-05,2.6684509966496454e-05
272,0.23187800406268844,0.3769445830722981,0.3087424223002339,2.8866847592587135e-05,2.6684509966496454e-05
273,0.23098955268663812,0.37549571598573955,0.30764474635769423,2.8866847592587135e-05,2.6684509966496454e-05
274,0.23014767843145437,0.3740934865576717,0.3065286215976262,2.8866847592587135e-05,2.6684509966496454e-05
275,0.2293519556420466,0.37273798644024303,0.30539298657065816,2.8866847592587135e-05,2.6684509966496454e-05
276,0.22859115136869682,0.3714211693077416,0.3042535442524276,2.8866847592587135e-05,2.6684509966496454e-05
277,0.2278432253670594,0.3701268508565951,0.30314276204358126,2.8866847592587135e-05,2.6684509966496454e-05
278,0.22709083205368055,0.36884205179158486,0.3020861717025869,2.8866847592587135e-05,2.6684509966496454e-05
279,0.226350177207064,0.36757878984031345,0.30105772524589064,2.8866847592587135e-05,2.6684509966496454e-05
280,0.22563374184817472,0.36634657205120524,0.3000369354091323,2.8866847592587135e-05,2.6684509966496454e-05
281,0.22494788015867445,0.36515023101400396,0.2990128520796861,2.8866847592587135e-05,2.6684509966496454e-05
282,0.22429286369907142,0.3639899562114505,0.2979839954551054,2.8866847592587135e-05,2.6684509966496454e-05
283,0.22366288140872045,0.3628612940192832,0.2969583560431228,2.8866847592587135e-05,2.6684509966496454e-05
284,0.22304603960582287,0.3617551477062374,0.2959533946616501,2.8866847592587135e-05,2.6684509966496454e-05
285,0.2224243619874266,0.3606577774340457,0.29499604243877825,2.8866847592587135e-05,2.6684509966496454e-05
286,0.22172964858271627,0.3593838639384252,0.29407406748638426,2.8866847592587135e-05,2.6684509966496454e-05
287,0.22107783582794283,0.3582139872777394,0.2931562104401562,2.8866847592587135e-05,2.6684509966496454e-05
288,0.22071763150061816,0.3578696174001322,0.29232220587743646,3.0041336832817967e-05,3.0053018466059457e-05
289,0.22068221931026652,0.3584637274023394,0.2916480667730446,3.0041336832817967e-05,3.0053018466059457e-05
290,0.22078340354344597,0.3594820733610068,0.2912030255770601,3.0041336832817967e-05,3.0053018466059457e-05
291,0.22077160486949757,0.36018106504517405,0.2909821899898429,3.0041336832817967e-05,3.0053018466059457e-05
292,0.22074738928854215,0.36076223591369694,0.2908682052845794,3.0041336832817967e-05,3.0053018466059457e-05
293,0.22070593958575008,0.3612517639040626,0.2908617490155238,3.0041336832817967e-05,3.0053018466059457e-05
294,0.22065291641064164,0.36166651341036987,0.2909395628169333,3.0041336832817967e-05,3.0053018466059457e-05
295,0.22061504205548316,0.3620377242338212,0.29104785999929017,3.0041336832817967e-05,3.0053018466059457e-05
296,0.2206234438754315,0.3623980647928981,0.2911282144743758,3.0041336832817967e-05,3.0053018466059457e-05
297,0.22065288417713105,0.36273475470863165,0.29121209033160245,3.0041336832817967e-05,3.0053018466059457e-05
298,0.22068611772877197,0.3630403337912657,0.29131990389312173,3.0041336832817967e-05,3.0053018466059457e-05
299,0.22071540224750982,0.36331393986842736,0.29145803650991986,3.0041336832817967e-05,3.0053018466059457e-05
300,0.22074103945059984,0.3635601729855065,0.29162108978021,3.0041336832817967e-05,3.0053018466059457e-05
301,0.22077137505539687,0.36378909540565585,0.2917918855494323,3.0041336832817967e-05,3.0053018466059457e-05
302,0.2208227987793554,0.3640162316097909,0.29194146591025366,3.0041336832817967e-05,3.0053018466059457e-05
303,0.22090747413626763,0.3642532002160473,0.2920482030399971,3.0041336832817967e-05,3.0053018466059457e-05
304,0.22100672421698858,0.36448804079940944,0.29213874711732996,3.0041336832817967e-05,3.0053018466059457e-05
305,0.2211025754276008,0.36470922676333345,0.29223886127041443,3.0041336832817967e-05,3.0053018466059457e-05
306,0.22118359912952468,0.3649098364948302,0.29236451322188817,3.0041336832817967e-05,3.0053018466059457e-05
307,0.2212449038303803,0.3650875471186163,0.29252188765036347,3.0041336832817967e-05,3.0053018466059457e-05
308,0.22128813518398757,0.3652446344971142,0.29270738619042713,3.0041336832817967e-05,3.0053018466059457e-05
309,0.22132147599036608,0.36538797323045213,0.2929076274326407,3.0041336832817967e-05,3.0053018466059457e-05
310,0.22135964619573514,0.365529036656464,0.2930994469235402,3.0041336832817967e-05,3.0053018466059457e-05
311,0.22142390289251385,0.3656838968506896,0.29324989716563626,3.0041336832817967e-05,3.0053018466059457e-05
312,0.22125310277704516,0.3662989988773904,0.2933480048851097,4.076789914877983e-05,1.3563694013090654e-05
313,0.22644595272115262,0.35839578577581527,0.29332777667580817,4.076789914877983e-05,1.3563694013090654e-05
314,0.2318093049420591,0.3494626836192452,0.2928813740298461,4.076789914877983e-05,1.3563694013090654e-05
315,0.23601640230210463,0.3416524369657878,0.2920778774674178,4.076789914877983e-05,1.3563694013090654e-05
316,0.23922428049254021,0.33480437175344996,0.29101224365007033,4.076789914877983e-05,1.3563694013090654e-05
317,0.24161203704460807,0.32883466422677643,0.2896655199701522,4.076789914877983e-05,1.3563694013090654e-05
318,0.24331316943665238,0.3236295509656516,0.2880816883358322,4.076789914877983e-05,1.3563694013090654e-05
319,0.2444023374982606,0.3190230128738168,0.28640351131560604,4.076789914877983e-05,1.3563694013090654e-05
320,0.2449698234015581,0.3148840414024817,0.2847161238011203,4.076789914877983e-05,1.3563694013090654e-05
321,0.24514945552641132,0.31118803943753487,0.282947903593069,4.076789914877983e-05,1.3563694013090654e-05
322,0.24502657771990896,0.30787933975551196,0.2810981037947553,4.076789914877983e-05,1.3563694013090654e-05
323,0.24464202768704418,0.3048611485795224,0.2792447084992322,4.076789914877983e-05,1.3563694013090654e-05
324,0.24401236865889855,0.3020088616637465,0.27751324897678575,4.076789914877983e-05,1.3563694013090654e-05
325,0.24322309912096263,0.29933793074404186,0.2758194394997079,4.076789914877983e-05,1.3563694013090654e-05
326,0.24235422974082615,0.29690238055379575,0.2740410293332776,4.076789914877983e-05,1.3563694013090654e-05
327,0.24144060556642516,0.294690010902145,0.2721634224185813,4.076789914877983e-05,1.3563694013090654e-05
328,0.24047186530225012,0.29262200630533164,0.2702801297167342,4.076789914877983e-05,1.3563694013090654e-05
329,0.23939337012299577,0.290554652334612,0.2685901513238634,4.076789914877983e-05,1.3563694013090654e-05
330,0.23822633249658695,0.28847982061077204,0.2670837469458131,4.076789914877983e-05,1.3563694013090654e-05
331,0.23708579530313006,0.2865290235530156,0.2655251737614346,4.076789914877983e-05,1.3563694013090654e-05
332,0.23600303016004912,0.28472217313104403,0.2638666330454078,4.076789914877983e-05,1.3563694013090654e-05
333,0.23492911251808532,0.28298936829622107,0.2622210565705702,4.076789914877983e-05,1.3563694013090654e-05
334,0.2346290845007279,0.28071924623080524,0.2607625791882439,4.076789914877983e-05,1.3563694013090654e-05
335,0.23305906503424356,0.27939813904294464,0.2593249656588584,4.076789914877983e-05,1.3563694013090654e-05
336,0.22469541527200992,0.28264448912171436,0.25779231644145195,1.5131081745936607e-05,3.152906491227631e-05
337,0.21123053185820015,0.2896605729139145,0.25605700494689343,1.5131081745936607e-05,3.152906491227631e-05
338,0.199769489988973,0.2960940682380648,0.2541213693816625,1.5131081745936607e-05,3.152906491227631e-05
339,0.19063991336800168,0.3011509171375316,0.25224045142888046,1.5131081745936607e-05,3.152906491227631e-05
340,0.18321942365867835,0.30521125819214523,0.2504095744329552,1.5131081745936607e-05,3.152906491227631e-05
341,0.17711316355712764,0.3084794329343877,0.24869080472960894,1.5131081745936607e-05,3.152906491227631e-05
342,0.17198974712956708,0.31108447741773126,0.24717307174006048,1.5131081745936607e-05,3.152906491227631e-05
343,0.16771143912869105,0.31316300098631006,0.24578347296415376,1.5131081745936607e-05,3.152906491227631e-05
344,0.16416315029422104,0.3148174180011226,0.24447665697346968,1.5131081745936607e-05,3.152906491227631e-05
345,0.1612167196000085,0.31612458034364077,0.243245937546845,1.5131081745936607e-05,3.152906491227631e-05
346,0.15873177774606537,0.3171365742734766,0.24212155052791698,1.5131081745936607e-05,3.152906491227631e-05
347,0.15658082375978438,0.31789147308145255,0.241139941004557,1.5131081745936607e-05,3.152906491227631e-05
348,0.15473721254345751,0.31844360380911046,0.24024864852572653,1.5131081745936607e-05,3.152906491227631e-05
349,0.15317572072037228,0.3188312716988433,0.23941597371447643,1.5131081745936607e-05,3.152906491227631e-05
350,0.15186080787450504,0.31908462155501083,0.23862670247512693,1.5131081745936607e-05,3.152906491227631e-05
351,0.15074804564252317,0.3192265059120516,0.23787997151515286,1.5131081745936607e-05,3.152906491227631e-05
352,0.14978411771378522,0.31927248503448263,0.23718926834518347,1.5131081745936607e-05,3.152906491227631e-05
353,0.14891040001993805,0.319233616248757,0.23657645012171036,1.5131081745936607e-05,3.152906491227631e-05
354,0.1481113417846151,0.31913314693043715,0.23601978461616638,1.5131081745936607e-05,3.152906491227631e-05
355,0.1474010322355504,0.31898469115301664,0.2354929985445018,1.5131081745936607e-05,3.152906491227631e-05
356,0.14678980969826363,0.3187957088549163,0.23498137955572582,1.5131081745936607e-05,3.152906491227631e-05
357,0.14628397691723555,0.3185694728140632,0.23447928090412495,1.5131081745936607e-05,3.152906491227631e-05
358,0.14588580105590787,0.318305068647891,0.23399012144926298,1.5131081745936607e-05,3.152906491227631e-05
359,0.14559351369668339,0.3179973948133393,0.23352638565598113,1.5131081745936607e-05,3.152906491227631e-05
360,0.14540131084092592,0.31763716260685426,0.2331096235943978,1.561387899104622e-05,3.136287168167264e-05
361,0.1452781959909336,0.31724407985020947,0.23273111866847757,1.561387899104622e-05,3.136287168167264e-05
362,0.14516344487303565,0.3168654701010782,0.23235111970035296,1.561387899104622e-05,3.136287168167264e-05
363,0.14503555819304312,0.3164900493906603,0.231995092737564,1.561387899104622e-05,3.136287168167264e-05
364,0.14488317129508368,0.3161104229056322,0.2316783046079196,1.561387899104622e-05,3.136287168167264e-05
365,0.14470415435450718,0.31572465829898805,0.23140395544210657,1.561387899104622e-05,3.136287168167264e-05
366,0.14450561237788573,0.3153362856900395,0.23116317867368952,1.561387899104622e-05,3.136287168167264e-05
367,0.14430388520301354,0.3149542976644157,0.23093504103911083,1.561387899104622e-05,3.136287168167264e-05
368,0.1441245474989071,0.31459314927406323,0.23068654257769075,1.561387899104622e-05,3.136287168167264e-05
369,0.14399587072752437,0.31426888139834436,0.23038113633883736,1.561387899104622e-05,3.136287168167264e-05
370,0.14389598491400812,0.31396804939374984,0.23004749532389543,1.561387899104622e-05,3.136287168167264e-05
371,0.1437954337487367,0.31367306502655745,0.2297240169047828,1.561387899104622e-05,3.136287168167264e-05
372,0.14367600262898514,0.3133730012223942,0.2294344036721913,1.561387899104622e-05,3.136287168167264e-05
373,0.14352867928644308,0.313062358830513,0.22919032879405077,1.561387899104622e-05,3.136287168167264e-05
374,0.14335365378721499,0.3127410666237922,0.22899143601552893,1.561387899104622e-05,3.136287168167264e-05
375,0.14316031853181993,0.3124144812987362,0.22882533965903146,1.561387899104622e-05,3.136287168167264e-05
376,0.1429672682551918,0.31209338747547494,0.22866762462420184,1.561387899104622e-05,3.136287168167264e-05
377,0.14280230002667904,0.3117939976977641,0.22848184638792163,1.561387899104622e-05,3.136287168167264e-05
378,0.14271749176986,0.3115345093566731,0.22822616183618924,1.561387899104622e-05,3.136287168167264e-05
379,0.14279773100438212,0.31129472199900865,0.22794213862386187,1.561387899104622e-05,3.136287168167264e-05
380,0.14282386176493755,0.3110630746653025,0.22766979382505756,1.561387899104622e-05,3.136287168167264e-05
381,0.14260539186297852,0.3108367396165184,0.22742242735681328,1.561387899104622e-05,3.136287168167264e-05
382,0.14205159701682168,0.31061396152326665,0.2271987057534497,1.561387899104622e-05,3.136287168167264e-05
383,0.14117152085164816,0.3103940574658033,0.22698266216657112,1.561387899104622e-05,3.136287168167264e-05
384,0.14007397489950357,0.31017741693403056,0.22674369636506564,1.3606551923209772e-05,3.150801990624271e-05
385,0.1389675385992979,0.3099655018274968,0.22643657473510495,1.3606551923209772e-05,3.150801990624271e-05
386,0.13814953820319853,0.3097596942008872,0.22600617187666538,1.3606551923209772e-05,3.150801990624271e-05
387,0.13752587070808123,0.30952632474128483,0.2255582679260421,1.3606551923209772e-05,3.150801990624271e-05
388,0.13696471032734958,0.30926261808993827,0.2251360319205411,1.3606551923209772e-05,3.150801990624271e-05
389,0.13647957028609706,0.30898339785102413,0.22471299907965195,1.3606551923209772e-05,3.150801990624271e-05
390,0.13607312141368813,0.30869799121740155,0.22427571644427877,1.3606551923209772e-05,3.150801990624271e-05
391,0.13573719214375832,0.3084102289706121,0.22382374287674028,1.3606551923209772e-05,3.150801990624271e-05
392,0.13545276851421417,0.3081184454808803,0.2233696490607697,1.3606551923209772e-05,3.150801990624271e-05
393,0.1351899941672332,0.307815478707113,0.22293901750151493,1.3606551923209772e-05,3.150801990624271e-05
394,0.13490817253073062,0.3074886710192266,0.22257044023961212,1.3606551923209772e-05,3.150801990624271e-05
395,0.13459912066831664,0.3071373594140254,0.22226882309798154,1.3606551923209772e-05,3.150801990624271e-05
396,0.13430216225483607,0.30678184161042704,0.22198601550221406,1.3606551923209772e-05,3.150801990624271e-05
397,0.13403487956908583,0.30643378689324663,0.2216972141290915,1.3606551923209772e-05,3.150801990624271e-05
398,0.13380642425672468,0.3061001343422563,0.22138824889886427,1.3606551923209772e-05,3.150801990624271e-05
399,0.13361751733027338,0.30578309283218524,0.22105558297525144,1.3606551923209772e-05,3.150801990624271e-05
400,0.13346044916911465,0.3054801410327199,0.22070631276544053,1.3606551923209772e-05,3.150801990624271e-05
401,0.13331907951949304,0.3051840274085037,0.22035816792008764,1.3606551923209772e-05,3.150801990624271e-05
402,0.13316883749451514,0.3048827702191372,0.22003951133331742,1.3606551923209772e-05,3.150801990624271e-05
403,0.13298167730166657,0.30456233206859373,0.21978321824981456,1.3606551923209772e-05,3.150801990624271e-05
404,0.13279365194227535,0.3042429986453437,0.21954333387240663,1.3606551923209772e-05,3.150801990624271e-05
405,0.13261900219922254,0.30393295203022447,0.21930127308130337,1.3606551923209772e-05,3.150801990624271e-05
406,0.13245483006013772,0.30363100650742275,0.21905977562595408,1.3606551923209772e-05,3.150801990624271e-05
407,0.13093376101356946,0.3027600594344058,0.21873407368397474,1.3606551923209772e-05,3.150801990624271e-05
408,0.13306311502353876,0.30337255814656533,0.2184943892230161,3.797859536643814e-05,4.1312442355438724e-05
409,0.14417666699378284,0.30786675111121836,0.21911968910177515,3.797859536643814e-05,4.1312442355438724e-05
410,0.15678820336691252,0.3135987339628789,0.2215549342538125,3.797859536643814e-05,4.1312442355438724e-05
411,0.1662818532818242,0.3187322788014091,0.2253556028475838,3.797859536643814e-05,4.1312442355438724e-05
412,0.17425076382145055,0.32372164690434124,0.22993594096398973,3.797859536643814e-05,4.1312442355438724e-05
413,0.18108122227501414,0.3286547215802886,0.2349749032061042,3.797859536643814e-05,4.1312442355438724e-05
414,0.187137322500763,0.33364807957332054,0.24013864907079505,3.797859536643814e-05,4.1312442355438724e-05
415,0.19258296189847457,0.3386622197102789,0.2453543993920872,3.797859536643814e-05,4.1312442355438724e-05
416,0.19753575485645386,0.3436830637988619,0.25056879489176126,3.797859536643814e-05,4.1312442355438724e-05
417,0.2021212539421585,0.34871716377360923,0.2557014573691241,3.797859536643814e-05,4.1312442355438724e-05
418,0.20643126678410997,0.35376224022212754,0.2607028428098461,3.797859536643814e-05,4.1312442355438724e-05
419,0.21048441816304841,0.358791803877885,0.2656004627740138,3.797859536643814e-05,4.1312442355438724e-05
420,0.21430376695439224,0.3637882095912075,0.27040867593057094,3.797859536643814e-05,4.1312442355438724e-05
421,0.21792743998740896,0.368744713690195,0.2751182808648306,3.797859536643814e-05,4.1312442355438724e-05
422,0.2214086320452152,0.3736654739807218,0.27969651607847523,3.797859536643814e-05,4.1312442355438724e-05
423,0.22478098800533852,0.3785485018606757,0.28413065517052527,3.797859536643814e-05,4.1312442355438724e-05
424,0.22803227851417435,0.38337613847221536,0.28845725885024115,3.797859536643814e-05,4.1312442355438724e-05
425,0.2311633021325415,0.3881401823159651,0.29269261655411805,3.797859536643814e-05,4.1312442355438724e-05
426,0.23417991647776895,0.39283543149654787,0.2968457293264406,3.797859536643814e-05,4.1312442355438724e-05
427,0.23709303587057962,0.39745968243963115,0.3009183129260884,3.797859536643814e-05,4.1312442355438724e-05
428,0.23991863133509053,0.4020137298919272,0.304904797826536,3.797859536643814e-05,4.1312442355438724e-05
429,0.2426777305988127,0.40650136692119254,0.30879232921585326,3.797859536643814e-05,4.1312442355438724e-05
430,0.24537740093713054,0.41092211462856276,0.3125824156523133,3.797859536643814e-05,4.1312442355438724e-05
431,0.2480055996423452,0.41526913347590294,0.31629696098421417,3.797859536643814e-05,4.1312442355438724e-05
432,0.2506064051463202,0.4197440642558679,0.31995663804812063,3.634470252849552e-05,3.34546089731045e-05
433,0.2523445752472036,0.4201697427002085,0.32335608713613717,3.634470252849552e-05,3.34546089731045e-05
434,0.25388954060870084,0.4197281277760653,0.32617118695278985,3.634470252849552e-05,3.34546089731045e-05
435,0.2554557903215688,0.4196731993595878,0.3285370140197826,3.634470252849552e-05,3.34546089731045e-05
436,0.2569949640508955,0.41986785999197096,0.3305592526751557,3.634470252849552e-05,3.34546089731045e-05
437,0.2584600060829767,0.4202458640215712,0.33235171575013306,3.634470252849552e-05,3.34546089731045e-05
438,0.25981479423468107,0.4207465312277645,0.3340126946130593,3.634470252849552e-05,3.34546089731045e-05
439,0.2610950992486693,0.4213628230696493,0.33552692137073675,3.634470252849552e-05,3.34546089731045e-05
440,0.2623286319016022,0.42208817181279573,0.3368845304433586,3.634470252849552e-05,3.34546089731045e-05
441,0.2635180036627725,0.4229020935239892,0.3381094213813147,3.634470252849552e-05,3.34546089731045e-05
442,0.2646407266941045,0.4237701880712303,0.3392592588651911,3.634470252849552e-05,3.34546089731045e-05
443,0.2656534174308225,0.42464664111914824,0.34041957583740773,3.634470252849552e-05,3.34546089731045e-05
444,0.2665806360569692,0.4255305434890579,0.34157536581666176,3.634470252849552e-05,3.34546089731045e-05
445,0.26746000094693345,0.42643684167197093,0.3426841722195803,3.634470252849552e-05,3.34546089731045e-05
446,0.26830754740470786,0.42736821825733995,0.3437330095808006,3.634470252849552e-05,3.34546089731045e-05
447,0.26913103812713124,0.428321976523223,0.344720838342885,3.634470252849552e-05,3.34546089731045e-05
448,0.2699299632038886,0.4292900404362834,0.34565856485632096,3.634470252849552e-05,3.34546089731045e-05
449,0.27069554011751124,0.43025895465178976,0.34656904137952094,3.634470252849552e-05,3.34546089731045e-05
450,0.27141059307426785,0.4312104867235011,0.34748704622484183,3.634470252849552e-05,3.34546089731045e-05
451,0.27195537790068897,0.43268271290702154,0.3484231806296506,3.634470252849552e-05,3.34546089731045e-05
452,0.2724146083054236,0.4344720216505295,0.3493534167523296,3.634470252849552e-05,3.34546089731045e-05
453,0.2729931914143703,0.43575922453122523,0.3502583910264943,3.634470252849552e-05,3.34546089731045e-05
454,0.2738237886198686,0.43598452054251746,0.3511092388620587,3.634470252849552e-05,3.34546089731045e-05
455,0.2749668155806988,0.43484749609402346,0.3518675946452354,3.634470252849552e-05,3.34546089731045e-05
456,0.27641044222208233,0.432307125011569,0.35248559173853555,3.9100364447404575e-05,2.3785237017213578e-05
457,0.27807059273568124,0.42858176853718843,0.3529058624807688,3.9100364447404575e-05,2.3785237017213578e-05
458,0.27979094557959866,0.4241491753291245,0.3530615381870433,3.9100364447404575e-05,2.3785237017213578e-05
459,0.2813429334783787,0.41974648146182864,0.35287624914876586,3.9100364447404575e-05,2.3785237017213578e-05
460,0.28243533477386656,0.41633516736464726,0.35227313323401643,3.9100364447404575e-05,2.3785237017213578e-05
461,0.2831348939919246,0.4136327459407533,0.3514839711461619,3.9100364447404575e-05,2.3785237017213578e-05
462,0.2836044701896443,0.4111743741271456,0.35063893915253685,3.9100364447404575e-05,2.3785237017213578e-05
463,0.2838846285579883,0.40893482281750787,0.3497381650271314,3.9100364447404575e-05,2.3785237017213578e-05
464,0.28400641386335035,0.40688366396809766,0.3487944213782726,3.9100364447404575e-05,2.3785237017213578e-05
465,0.28399135044755525,0.4049852705977464,0.3478331256486245,3.9100364447404575e-05,2.3785237017213578e-05
466,0.2838545272802416,0.4032028550865863,0.34688541306705584,3.9100364447404575e-05,2.3785237017213578e-05
467,0.2836242366938614,0.40152883341384527,0.34593874154115445,3.9100364447404575e-05,2.3785237017213578e-05
468,0.28332003815606616,0.39995599993473385,0.34498645624749147,3.9100364447404575e-05,2.3785237017213578e-05
469,0.28295633788727,0.3984733925207167,0.34402994706908857,3.9100364447404575e-05,2.3785237017213578e-05
470,0.2825445052155443,0.3970684771281429,0.3430745700218555,3.9100364447404575e-05,2.3785237017213578e-05
471,0.28209287257661797,0.3957271477982466,0.34212964725459016,3.9100364447404575e-05,2.3785237017213578e-05
472,0.281608903926032,0.3944358779651859,0.34120441646705973,3.9100364447404575e-05,2.3785237017213578e-05
473,0.28110200048698286,0.39319230131723215,0.34029387438828956,3.9100364447404575e-05,2.3785237017213578e-05
474,0.2805782547260888,0.3919968619794225,0.33939221162194355,3.9100364447404575e-05,2.3785237017213578e-05
475,0.280042654349528,0.39084812779999023,0.3384965741308341,3.9100364447404575e-05,2.3785237017213578e-05
476,0.2794991573419968,0.38974278701541326,0.3376070121512723,3.9100364447404575e-05,2.3785237017213578e-05
477,0.2789506919667099,0.38867564825041423,0.3367264801930678,3.9100364447404575e-05,2.3785237017213578e-05
478,0.2783991567654002,0.3876396405179603,0.33586083703952885,3.9100364447404575e-05,2.3785237017213578e-05
479,0.27784542055831896,0.3866258132192634,0.33501884574746227,3.9100364447404575e-05,2.3785237017213578e-05
480,0.2771209196562409,0.3855056511566288,0.334177926351896,4.2358550266982916e-05,2.6110958613980244e-05
481,0.27743285491834907,0.3851613781238885,0.33342721938702413,4.2358550266982916e-05,2.6110958613980244e-05
482,0.2787527278064326,0.3856268206108472,0.3329821505748658,4.2358550266982916e-05,2.6110958613980244e-05
483,0.27969510215481364,0.38593983404647936,0.3328601630579909,4.2358550266982916e-05,2.6110958613980244e-05
484,0.2804394578079326,0.38620163566172633,0.3329222848988224,4.2358550266982916e-05,2.6110958613980244e-05
485,0.2810506227861517,0.38644462351585945,0.33308526883358336,4.2358550266982916e-05,2.6110958613980244e-05
486,0.2816023296082802,0.3867071954250504,0.3332519419360815,4.2358550266982916e-05,2.6110958613980244e-05
487,0.28207280113886074,0.3869628615096467,0.3334685637456108,4.2358550266982916e-05,2.6110958613980244e-05
488,0.2824437797340938,0.3871902896009063,0.3337731909387454,4.2358550266982916e-05,2.6110958613980244e-05
489,0.28273323557164454,0.38739496230846177,0.33414694115814497,4.2358550266982916e-05,2.6110958613980244e-05
490,0.2829953666506426,0.38760917702032094,0.33451399301255497,4.2358550266982916e-05,2.6110958613980244e-05
491,0.28330462058286665,0.38788025521109515,0.3347665632794852,4.2358550266982916e-05,2.6110958613980244e-05
492,0.2836228655959967,0.3881747956243595,0.3349704375129541,4.2358550266982916e-05,2.6110958613980244e-05
493,0.28390816771560795,0.3884599480075251,0.335194038460076,4.2358550266982916e-05,2.6110958613980244e-05
494,0.2841449838332268,0.38872224894784346,0.33546446253917317,4.2358550266982916e-05,2.6110958613980244e-05
495,0.2843361489072973,0.3889614552367438,0.33578024275339313,4.2358550266982916e-05,2.6110958613980244e-05
496,0.28450287596318174,0.3891905438698328,0.3361113486907088,4.2358550266982916e-05,2.6110958613980244e-05
497,0.28468475609316024,0.3894357120468948,0.3363991865239185,4.2358550266982916e-05,2.6110958613980244e-05
498,0.2849055492614379,0.38971208714698186,0.3366093513852443,4.2358550266982916e-05,2.6110958613980244e-05
499,0.2851129385677445,0.389981258345807,0.3368242077047622,4.2358550266982916e-05,2.6110958613980244e-05
500,0.28530750262119814,0.3902428477495716,0.33704402812794204,4.2358550266982916e-05,2.6110958613980244e-05
